排课编号,来源Sheet,来源行,来源列,学期,期次/上课日,时段,开始时间,结束时间,校区,教室编码,教室,年级,科目,教师,班型,已报人数,招生状态,课程班名称,备注
SCH0001,总表,3,D,暑假,一期,8:00-10:00,8:00,10:00,万达,ROOM001,万达21-1,高一,物理,陆老师,尖子班,,可报名,高一物理陆老师尖子班,
SCH0002,总表,3,I,暑假,一期,10:15-12:15,10:15,12:15,万达,ROOM001,万达21-1,高一,数学,徐老师,,,可报名,高一数学徐老师,
SCH0003,总表,3,N,暑假,一期,13:15-15:15,13:15,15:15,万达,ROOM001,万达21-1,高一,英语,王老师,班课,,可报名,高一英语王老师班课,
SCH0004,总表,3,S,暑假,一期,15:30-17:30,15:30,17:30,万达,ROOM001,万达21-1,高一,化学,刘老师,尖子班,,可报名,高一化学刘老师尖子班,
SCH0005,总表,4,D,暑假,一期,8:00-10:00,8:00,10:00,万达,ROOM002,万达21-2,高二,数学,孙老师,尖子班,,可报名,高二数学孙老师尖子班,
SCH0006,总表,4,I,暑假,一期,10:15-12:15,10:15,12:15,万达,ROOM002,万达21-2,高二,物理,陆老师,尖子班,,可报名,高二物理陆老师尖子班,
SCH0007,总表,4,N,暑假,一期,13:15-15:15,13:15,15:15,万达,ROOM002,万达21-2,高二,化学,刘老师,尖子班,,可报名,高二化学刘老师尖子班,
SCH0008,总表,4,S,暑假,一期,15:30-17:30,15:30,17:30,万达,ROOM002,万达21-2,高二,英语,王老师,班课,,可报名,高二英语王老师班课,
SCH0009,总表,5,D,暑假,一期,8:00-10:00,8:00,10:00,万达,ROOM003,万达21-3,初二,数学,管老师,尖子班,,可报名,初二数学管老师尖子班,
SCH0010,总表,5,I,暑假,一期,10:15-12:15,10:15,12:15,万达,ROOM003,万达21-3,初二,英语,王老师,班课,,可报名,初二英语王老师班课,
SCH0011,总表,5,N,暑假,一期,13:15-15:15,13:15,15:15,万达,ROOM003,万达21-3,初二,物理,王老师,提高班,,可报名,初二物理王老师提高班,
SCH0012,总表,5,S,暑假,一期,15:30-17:30,15:30,17:30,万达,ROOM003,万达21-3,初三,物理,张老师,尖子班,,可报名,初三物理张老师尖子班,
SCH0013,总表,6,D,暑假,一期,8:00-10:00,8:00,10:00,万达,ROOM004,万达21-4,初一,英语,王老师,班课,,可报名,初一英语王老师班课,
SCH0014,总表,6,I,暑假,一期,10:15-12:15,10:15,12:15,万达,ROOM004,万达21-4,初三,数学,孙老师,尖子班,,可报名,初三数学孙老师尖子班,
SCH0015,总表,6,N,暑假,一期,13:15-15:15,13:15,15:15,万达,ROOM004,万达21-4,初三,物理,陆老师,尖子班,,可报名,初三物理陆老师尖子班,
SCH0016,总表,6,S,暑假,一期,15:30-17:30,15:30,17:30,万达,ROOM004,万达21-4,高二,英语,杜老师,班课,,可报名,高二英语杜老师班课,
SCH0017,总表,6,X,暑假,一期,18:30-20:30,18:30,20:30,万达,ROOM004,万达21-4,初三,英语,王老师,班课,,可报名,初三英语王老师班课,
SCH0018,总表,7,D,暑假,一期,8:00-10:00,8:00,10:00,万达,ROOM005,万达21-5,初三,化学,刘老师,尖子班,,可报名,初三化学刘老师尖子班,
SCH0019,总表,7,I,暑假,一期,10:15-12:15,10:15,12:15,万达,ROOM005,万达21-5,初一,数学,管老师,尖子班,,可报名,初一数学管老师尖子班,
SCH0020,总表,7,N,暑假,一期,13:15-15:15,13:15,15:15,万达,ROOM005,万达21-5,初二,数学,徐老师,尖子班,,可报名,初二数学徐老师尖子班,
SCH0021,总表,8,D,暑假,一期,8:00-10:00,8:00,10:00,万达,ROOM006,万达24-1,初二,语文,苑老师,班课,,可报名,初二语文苑老师班课,
SCH0022,总表,8,I,暑假,一期,10:15-12:15,10:15,12:15,万达,ROOM006,万达24-1,初二,语文,苑老师,班课,,可报名,初二语文苑老师班课,
SCH0023,总表,8,N,暑假,一期,13:15-15:15,13:15,15:15,万达,ROOM006,万达24-1,高一,物理,张老师,尖子班,,可报名,高一物理张老师尖子班,
SCH0024,总表,8,S,暑假,一期,15:30-17:30,15:30,17:30,万达,ROOM006,万达24-1,初二,物理,王老师,尖子班,,可报名,初二物理王老师尖子班,
SCH0025,总表,8,X,暑假,一期,18:30-20:30,18:30,20:30,万达,ROOM006,万达24-1,初三,数学,马老师,尖子班,,可报名,初三数学马老师尖子班,
SCH0026,总表,9,D,暑假,一期,8:00-10:00,8:00,10:00,万达,ROOM007,万达24-2,初二,英语,陈老师,尖子班,,可报名,初二英语陈老师尖子班,
SCH0027,总表,9,I,暑假,一期,10:15-12:15,10:15,12:15,万达,ROOM007,万达24-2,初三,英语,杜老师,提高班,,可报名,初三英语杜老师提高班,
SCH0028,总表,9,N,暑假,一期,13:15-15:15,13:15,15:15,万达,ROOM007,万达24-2,初一,数学,管老师,提高班,,可报名,初一数学管老师提高班,
SCH0029,总表,9,S,暑假,一期,15:30-17:30,15:30,17:30,万达,ROOM007,万达24-2,高一,数学,徐老师,提高班,,可报名,高一数学徐老师提高班,
SCH0030,总表,10,D,暑假,一期,8:00-10:00,8:00,10:00,万达,ROOM008,万达24-3,高二,英语,米老师,尖子班,,可报名,高二英语米老师尖子班,
SCH0031,总表,10,I,暑假,一期,10:15-12:15,10:15,12:15,万达,ROOM008,万达24-3,高二,物理,张老师,提高班,,可报名,高二物理张老师提高班,
SCH0032,总表,10,N,暑假,一期,13:15-15:15,13:15,15:15,万达,ROOM008,万达24-3,六年级,英语,陈老师,拓展班,,可报名,六年级英语陈老师拓展班,
SCH0033,总表,10,S,暑假,一期,15:30-17:30,15:30,17:30,万达,ROOM008,万达24-3,六年级,数学,马老师,尖子班,,可报名,六年级数学马老师尖子班,
SCH0034,总表,10,X,暑假,一期,18:30-20:30,18:30,20:30,万达,ROOM008,万达24-3,五年级,英语,陈老师,拓展班,,可报名,五年级英语陈老师拓展班,
SCH0035,总表,11,D,暑假,一期,8:00-10:00,8:00,10:00,万达,ROOM009,万达24-4,初一,英语,杜老师,提高班,,可报名,初一英语杜老师提高班,
SCH0036,总表,11,I,暑假,一期,10:15-12:15,10:15,12:15,万达,ROOM009,万达24-4,初一,英语,陈老师,尖子班,,可报名,初一英语陈老师尖子班,
SCH0037,总表,11,N,暑假,一期,13:15-15:15,13:15,15:15,万达,ROOM009,万达24-4,三年级,数学,徐老师,校优班,,可报名,三年级数学徐老师校优班,
SCH0038,总表,11,S,暑假,一期,15:30-17:30,15:30,17:30,万达,ROOM009,万达24-4,六年级,数学,徐老师,校优班,,可报名,六年级数学徐老师校优班,
SCH0039,总表,11,X,暑假,一期,18:30-20:30,18:30,20:30,万达,ROOM009,万达24-4,二年级,数学,徐老师,校优班,,可报名,二年级数学徐老师校优班,
SCH0040,总表,12,D,暑假,一期,8:00-10:00,8:00,10:00,万达,ROOM010,万达24-5,五年级,数学,徐老师,校优班,,可报名,五年级数学徐老师校优班,
SCH0041,总表,12,I,暑假,一期,10:15-12:15,10:15,12:15,万达,ROOM010,万达24-5,五年级,英语,张老师,班课,,可报名,五年级英语张老师班课,
SCH0042,总表,12,N,暑假,一期,13:15-15:15,13:15,15:15,万达,ROOM010,万达24-5,六年级,英语,张老师,班课,,可报名,六年级英语张老师班课,
SCH0043,总表,12,S,暑假,一期,15:30-17:30,15:30,17:30,万达,ROOM010,万达24-5,三年级,英语,张老师,班课,,可报名,三年级英语张老师班课,
SCH0044,总表,13,D,暑假,一期,8:00-10:00,8:00,10:00,万达,ROOM011,万达24-6,初一,语文,吴老师,班课,,可报名,初一语文吴老师班课,
SCH0045,总表,13,I,暑假,一期,10:15-12:15,10:15,12:15,万达,ROOM011,万达24-6,高一,语文,吴老师,班课,,可报名,高一语文吴老师班课,
SCH0046,总表,13,N,暑假,一期,13:15-15:15,13:15,15:15,万达,ROOM011,万达24-6,高二,语文,吴老师,班课,,可报名,高二语文吴老师班课,
SCH0047,总表,13,S,暑假,一期,15:30-17:30,15:30,17:30,万达,ROOM011,万达24-6,三年级,语文,吴老师,班课,,可报名,三年级语文吴老师班课,
SCH0048,总表,14,I,暑假,一期,10:15-12:15,10:15,12:15,百家湖,ROOM012,百家湖2-1,四年级,数学,徐老师,校优班,,可报名,四年级数学徐老师校优班,
SCH0049,总表,14,N,暑假,一期,13:15-15:15,13:15,15:15,百家湖,ROOM012,百家湖2-1,四年级,数学,马老师,尖子班,,可报名,四年级数学马老师尖子班,
SCH0050,总表,14,S,暑假,一期,15:30-17:30,15:30,17:30,百家湖,ROOM012,百家湖2-1,四年级,英语,陈老师,拓展班,,可报名,四年级英语陈老师拓展班,
SCH0051,总表,15,D,暑假,一期,8:00-10:00,8:00,10:00,百家湖,ROOM013,百家湖2-2,四年级,英语,张老师,班课,,可报名,四年级英语张老师班课,
SCH0052,总表,15,I,暑假,一期,10:15-12:15,10:15,12:15,百家湖,ROOM013,百家湖2-2,初三,物理,王老师,提高班,,可报名,初三物理王老师提高班,
SCH0053,总表,15,S,暑假,一期,15:30-17:30,15:30,17:30,百家湖,ROOM013,百家湖2-2,初三,数学,管老师,提高班,,可报名,初三数学管老师提高班,
SCH0054,总表,16,D,暑假,一期,8:00-10:00,8:00,10:00,百家湖,ROOM014,百家湖2-3,高一,物理,张老师,尖子班,,可报名,高一物理张老师尖子班,
SCH0055,总表,16,I,暑假,一期,10:15-12:15,10:15,12:15,百家湖,ROOM014,百家湖2-3,高一,化学,刘老师,尖子班,,可报名,高一化学刘老师尖子班,
SCH0056,总表,16,N,暑假,一期,13:15-15:15,13:15,15:15,百家湖,ROOM014,百家湖2-3,高一,数学,孙老师,尖子班,,可报名,高一数学孙老师尖子班,
SCH0057,总表,16,S,暑假,一期,15:30-17:30,15:30,17:30,百家湖,ROOM014,百家湖2-3,高一,物理,陆老师,尖子班,,可报名,高一物理陆老师尖子班,
SCH0058,总表,16,X,暑假,一期,18:30-20:30,18:30,20:30,百家湖,ROOM014,百家湖2-3,初三,物理,张老师,提高班,,可报名,初三物理张老师提高班,
SCH0059,总表,17,D,暑假,一期,8:00-10:00,8:00,10:00,百家湖,ROOM015,百家湖2-4,高一,物理,王老师,提高班,,可报名,高一物理王老师提高班,
SCH0060,总表,17,I,暑假,一期,10:15-12:15,10:15,12:15,百家湖,ROOM015,百家湖2-4,高一,英语,米老师,尖子班,,可报名,高一英语米老师尖子班,
SCH0061,总表,17,S,暑假,一期,15:30-17:30,15:30,17:30,百家湖,ROOM015,百家湖2-4,高三,数学,孙老师,尖子班,,可报名,高三数学孙老师尖子班,
SCH0062,总表,17,X,暑假,一期,18:30-20:30,18:30,20:30,百家湖,ROOM015,百家湖2-4,初二,物理,陆老师,尖子班,,可报名,初二物理陆老师尖子班,
SCH0063,总表,18,X,暑假,一期,18:30-20:30,18:30,20:30,百家湖,ROOM016,百家湖2-5,高一,英语,杜老师,尖子班,,可报名,高一英语杜老师尖子班,
SCH0064,总表,19,S,暑假,一期,15:30-17:30,15:30,17:30,百家湖,ROOM017,百家湖2-6,初二,英语,米老师,尖子班,,可报名,初二英语米老师尖子班,
SCH0065,总表,27,D,暑假,二期,8:00-10:00,8:00,10:00,万达,ROOM001,万达21-1,初一,物理,葛老师,特长生班,,可报名,初一物理葛老师特长生班,
SCH0066,总表,27,I,暑假,二期,10:15-12:15,10:15,12:15,万达,ROOM001,万达21-1,初一,数学,孙老师,特长生班,,可报名,初一数学孙老师特长生班,
SCH0067,总表,27,N,暑假,二期,13:15-15:15,13:15,15:15,万达,ROOM001,万达21-1,初一,英语,杜老师,尖子班,,可报名,初一英语杜老师尖子班,
SCH0068,总表,27,S,暑假,二期,15:30-17:30,15:30,17:30,万达,ROOM001,万达21-1,初二,数学,管老师,尖子班,,可报名,初二数学管老师尖子班,
SCH0069,总表,27,X,暑假,二期,18:30-20:30,18:30,20:30,万达,ROOM001,万达21-1,初一,语文,苑老师,班课,,可报名,初一语文苑老师班课,
SCH0070,总表,28,D,暑假,二期,8:00-10:00,8:00,10:00,万达,ROOM002,万达21-2,高二,物理,陆老师,尖子班,,可报名,高二物理陆老师尖子班,
SCH0071,总表,28,I,暑假,二期,10:15-12:15,10:15,12:15,万达,ROOM002,万达21-2,高一,化学,刘老师,尖子班,,可报名,高一化学刘老师尖子班,
SCH0072,总表,28,N,暑假,二期,13:15-15:15,13:15,15:15,万达,ROOM002,万达21-2,高一,数学,徐老师,尖子班,,可报名,高一数学徐老师尖子班,
SCH0073,总表,28,S,暑假,二期,15:30-17:30,15:30,17:30,万达,ROOM002,万达21-2,高一,数学,孙老师,尖子班,,可报名,高一数学孙老师尖子班,
SCH0074,总表,28,X,暑假,二期,18:30-20:30,18:30,20:30,万达,ROOM002,万达21-2,初二,英语,王老师,尖子班,,可报名,初二英语王老师尖子班,
SCH0075,总表,29,D,暑假,二期,8:00-10:00,8:00,10:00,万达,ROOM003,万达21-3,初三,数学,孙老师,尖子班,,可报名,初三数学孙老师尖子班,
SCH0076,总表,29,I,暑假,二期,10:15-12:15,10:15,12:15,万达,ROOM003,万达21-3,初三,物理,陆老师,尖子班,,可报名,初三物理陆老师尖子班,
SCH0077,总表,29,N,暑假,二期,13:15-15:15,13:15,15:15,万达,ROOM003,万达21-3,初二,数学,孙老师,尖子班,,可报名,初二数学孙老师尖子班,
SCH0078,总表,29,S,暑假,二期,15:30-17:30,15:30,17:30,万达,ROOM003,万达21-3,高二,物理,葛老师,提高班,,可报名,高二物理葛老师提高班,
SCH0079,总表,30,D,暑假,二期,8:00-10:00,8:00,10:00,万达,ROOM004,万达21-4,初三,化学,李老师,尖子班,,可报名,初三化学李老师尖子班,
SCH0080,总表,30,I,暑假,二期,10:15-12:15,10:15,12:15,万达,ROOM004,万达21-4,初三,英语,陈老师,尖子班,,可报名,初三英语陈老师尖子班,
SCH0081,总表,30,N,暑假,二期,13:15-15:15,13:15,15:15,万达,ROOM004,万达21-4,高一,物理,陆老师,尖子班,,可报名,高一物理陆老师尖子班,
SCH0082,总表,30,S,暑假,二期,15:30-17:30,15:30,17:30,万达,ROOM004,万达21-4,初二,物理,陆老师,尖子班,,可报名,初二物理陆老师尖子班,
SCH0083,总表,30,X,暑假,二期,18:30-20:30,18:30,20:30,万达,ROOM004,万达21-4,初三,物理,葛老师,尖子班,,可报名,初三物理葛老师尖子班,
SCH0084,总表,31,D,暑假,二期,8:00-10:00,8:00,10:00,万达,ROOM005,万达21-5,四年级,英语,陈老师,拓展班,,可报名,四年级英语陈老师拓展班,
SCH0085,总表,31,I,暑假,二期,10:15-12:15,10:15,12:15,万达,ROOM005,万达21-5,四年级,数学,徐老师,校优班,,可报名,四年级数学徐老师校优班,
SCH0086,总表,31,N,暑假,二期,13:15-15:15,13:15,15:15,万达,ROOM005,万达21-5,初三,物理,张老师,尖子班,,可报名,初三物理张老师尖子班,
SCH0087,总表,31,S,暑假,二期,15:30-17:30,15:30,17:30,万达,ROOM005,万达21-5,高一,物理,张老师,尖子班,,可报名,高一物理张老师尖子班,
SCH0088,总表,31,X,暑假,二期,18:30-20:30,18:30,20:30,万达,ROOM005,万达21-5,高三,物理,张老师,提高班,,可报名,高三物理张老师提高班,
SCH0089,总表,32,D,暑假,二期,8:00-10:00,8:00,10:00,万达,ROOM006,万达24-1,初二,数学,马老师,尖子班,,可报名,初二数学马老师尖子班,
SCH0090,总表,32,I,暑假,二期,10:15-12:15,10:15,12:15,万达,ROOM006,万达24-1,高二,英语,米老师,尖子班,,可报名,高二英语米老师尖子班,
SCH0091,总表,32,N,暑假,二期,13:15-15:15,13:15,15:15,万达,ROOM006,万达24-1,初二,英语,米老师,提高班,,可报名,初二英语米老师提高班,
SCH0092,总表,32,S,暑假,二期,15:30-17:30,15:30,17:30,万达,ROOM006,万达24-1,初三,英语,杜老师,尖子班,,可报名,初三英语杜老师尖子班,
SCH0093,总表,33,I,暑假,二期,10:15-12:15,10:15,12:15,万达,ROOM007,万达24-2,初二,物理,王老师,尖子班,,可报名,初二物理王老师尖子班,
SCH0094,总表,33,N,暑假,二期,13:15-15:15,13:15,15:15,万达,ROOM007,万达24-2,高二,数学,徐老师,提高班,,可报名,高二数学徐老师提高班,
SCH0095,总表,33,S,暑假,二期,15:30-17:30,15:30,17:30,万达,ROOM007,万达24-2,初一,语文,苑老师,班课,,可报名,初一语文苑老师班课,
SCH0096,总表,34,D,暑假,二期,8:00-10:00,8:00,10:00,万达,ROOM008,万达24-3,高一,英语,米老师,尖子班,,可报名,高一英语米老师尖子班,
SCH0097,总表,34,I,暑假,二期,10:15-12:15,10:15,12:15,万达,ROOM008,万达24-3,初一,数学,马老师,尖子班,,可报名,初一数学马老师尖子班,
SCH0098,总表,34,N,暑假,二期,13:15-15:15,13:15,15:15,万达,ROOM008,万达24-3,初三,化学,刘老师,尖子班,,可报名,初三化学刘老师尖子班,
SCH0099,总表,35,D,暑假,二期,8:00-10:00,8:00,10:00,万达,ROOM009,万达24-4,初一,英语,杜老师,尖子班,,可报名,初一英语杜老师尖子班,
SCH0100,总表,35,I,暑假,二期,10:15-12:15,10:15,12:15,万达,ROOM009,万达24-4,初三,英语,杜老师,尖子班,,可报名,初三英语杜老师尖子班,
SCH0101,总表,36,D,暑假,二期,8:00-10:00,8:00,10:00,万达,ROOM010,万达24-5,三年级,英语,张老师,班课,,可报名,三年级英语张老师班课,
SCH0102,总表,36,I,暑假,二期,10:15-12:15,10:15,12:15,万达,ROOM010,万达24-5,四年级,英语,张老师,班课,,可报名,四年级英语张老师班课,
SCH0103,总表,36,N,暑假,二期,13:15-15:15,13:15,15:15,万达,ROOM010,万达24-5,五年级,英语,张老师,班课,,可报名,五年级英语张老师班课,
SCH0104,总表,36,S,暑假,二期,15:30-17:30,15:30,17:30,万达,ROOM010,万达24-5,六年级,英语,张老师,班课,,可报名,六年级英语张老师班课,
SCH0105,总表,38,D,暑假,二期,8:00-10:00,8:00,10:00,百家湖,ROOM012,百家湖2-1,高一,英语,王老师,班课,,可报名,高一英语王老师班课,
SCH0106,总表,38,I,暑假,二期,10:15-12:15,10:15,12:15,百家湖,ROOM012,百家湖2-1,高一,数学,徐老师,提高班,,可报名,高一数学徐老师提高班,
SCH0107,总表,38,N,暑假,二期,13:15-15:15,13:15,15:15,百家湖,ROOM012,百家湖2-1,高一,物理,葛老师,尖子班,,可报名,高一物理葛老师尖子班,
SCH0108,总表,38,S,暑假,二期,15:30-17:30,15:30,17:30,百家湖,ROOM012,百家湖2-1,初三,物理,王老师,提高班,,可报名,初三物理王老师提高班,
SCH0109,总表,38,X,暑假,二期,18:30-20:30,18:30,20:30,百家湖,ROOM012,百家湖2-1,二年级,数学,徐老师,校优班,,可报名,二年级数学徐老师校优班,
SCH0110,总表,39,D,暑假,二期,8:00-10:00,8:00,10:00,百家湖,ROOM013,百家湖2-2,高三,物理,张老师,尖子班,,可报名,高三物理张老师尖子班,
SCH0111,总表,39,I,暑假,二期,10:15-12:15,10:15,12:15,百家湖,ROOM013,百家湖2-2,高二,物理,张老师,尖子班,,可报名,高二物理张老师尖子班,
SCH0112,总表,39,N,暑假,二期,13:15-15:15,13:15,15:15,百家湖,ROOM013,百家湖2-2,初一,数学,管老师,尖子班,,可报名,初一数学管老师尖子班,
SCH0113,总表,39,S,暑假,二期,15:30-17:30,15:30,17:30,百家湖,ROOM013,百家湖2-2,初一,英语,王老师,班课,,可报名,初一英语王老师班课,
SCH0114,总表,40,D,暑假,二期,8:00-10:00,8:00,10:00,百家湖,ROOM014,百家湖2-3,初三,物理,王老师,尖子班,,可报名,初三物理王老师尖子班,
SCH0115,总表,40,I,暑假,二期,10:15-12:15,10:15,12:15,百家湖,ROOM014,百家湖2-3,初二,物理,葛老师,提高班,,可报名,初二物理葛老师提高班,
SCH0116,总表,40,N,暑假,二期,13:15-15:15,13:15,15:15,百家湖,ROOM014,百家湖2-3,初二,英语,王老师,班课,,可报名,初二英语王老师班课,
SCH0117,总表,40,X,暑假,二期,18:30-20:30,18:30,20:30,百家湖,ROOM014,百家湖2-3,五年级,数学,马老师,尖子班,,可报名,五年级数学马老师尖子班,
SCH0118,总表,41,D,暑假,二期,8:00-10:00,8:00,10:00,百家湖,ROOM015,百家湖2-4,初二,数学,管老师,提高班,,可报名,初二数学管老师提高班,
SCH0119,总表,41,I,暑假,二期,10:15-12:15,10:15,12:15,百家湖,ROOM015,百家湖2-4,高三,英语,王老师,班课,,可报名,高三英语王老师班课,
SCH0120,总表,41,N,暑假,二期,13:15-15:15,13:15,15:15,百家湖,ROOM015,百家湖2-4,六年级,英语,陈老师,拓展班,,可报名,六年级英语陈老师拓展班,
SCH0121,总表,41,S,暑假,二期,15:30-17:30,15:30,17:30,百家湖,ROOM015,百家湖2-4,六年级,数学,徐老师,校优班,,可报名,六年级数学徐老师校优班,
SCH0122,总表,42,D,暑假,二期,8:00-10:00,8:00,10:00,百家湖,ROOM016,百家湖2-5,初三,化学,刘老师,尖子班,,可报名,初三化学刘老师尖子班,
SCH0123,总表,42,I,暑假,二期,10:15-12:15,10:15,12:15,百家湖,ROOM016,百家湖2-5,初三,数学,管老师,尖子班,,可报名,初三数学管老师尖子班,
SCH0124,总表,42,N,暑假,二期,13:15-15:15,13:15,15:15,百家湖,ROOM016,百家湖2-5,初三,化学,李老师,提高班,,可报名,初三化学李老师提高班,
SCH0125,总表,42,S,暑假,二期,15:30-17:30,15:30,17:30,百家湖,ROOM016,百家湖2-5,高一,化学,李老师,尖子班,,可报名,高一化学李老师尖子班,
SCH0126,总表,43,D,暑假,二期,8:00-10:00,8:00,10:00,百家湖,ROOM017,百家湖2-6,五年级,数学,徐老师,校优班,,可报名,五年级数学徐老师校优班,
SCH0127,总表,43,N,暑假,二期,13:15-15:15,13:15,15:15,百家湖,ROOM017,百家湖2-6,三年级,数学,马老师,尖子班,,可报名,三年级数学马老师尖子班,
SCH0128,总表,44,S,暑假,二期,15:30-17:30,15:30,17:30,百家湖,ROOM018,百家湖2-7,二年级,数学,马老师,尖子班,,可报名,二年级数学马老师尖子班,
SCH0129,总表,45,D,暑假,二期,8:00-10:00,8:00,10:00,百家湖,ROOM019,百家湖A,三年级,英语,陶老师,校优班,,可报名,三年级英语陶老师校优班,
SCH0130,总表,45,I,暑假,二期,10:15-12:15,10:15,12:15,百家湖,ROOM019,百家湖A,五年级,英语,陶老师,校优班,,可报名,五年级英语陶老师校优班,
SCH0131,总表,45,N,暑假,二期,13:15-15:15,13:15,15:15,百家湖,ROOM019,百家湖A,四年级,英语,陶老师,拓展班,,可报名,四年级英语陶老师拓展班,
SCH0132,总表,45,S,暑假,二期,15:30-17:30,15:30,17:30,百家湖,ROOM019,百家湖A,六年级,英语,陶老师,校优班,,可报名,六年级英语陶老师校优班,
SCH0133,总表,46,N,暑假,二期,13:15-15:15,13:15,15:15,百家湖,ROOM020,百家湖C,三年级,数学,徐老师,校优A+班,,可报名,三年级数学徐老师校优A+班,
SCH0134,总表,46,S,暑假,二期,15:30-17:30,15:30,17:30,百家湖,ROOM020,百家湖C,三年级,英语,陈老师,拓展班,,可报名,三年级英语陈老师拓展班,
SCH0135,总表,54,D,秋季,周六,8:00-10:00,8:00,10:00,万达,ROOM001,万达21-1,初三,物理,陆老师,尖子班,,可报名,初三物理陆老师尖子班,
SCH0136,总表,54,I,秋季,周六,10:15-12:15,10:15,12:15,万达,ROOM001,万达21-1,高一,化学,刘老师,尖子班,,可报名,高一化学刘老师尖子班,
SCH0137,总表,54,N,秋季,周六,13:15-15:15,13:15,15:15,万达,ROOM001,万达21-1,高一,英语,王老师,班课,,可报名,高一英语王老师班课,
SCH0138,总表,54,S,秋季,周六,15:30-17:30,15:30,17:30,万达,ROOM001,万达21-1,高二,英语,王老师,班课,,可报名,高二英语王老师班课,
SCH0139,总表,54,X,秋季,周六,18:30-20:30,18:30,20:30,万达,ROOM001,万达21-1,高二,物理,张老师,尖子班,,可报名,高二物理张老师尖子班,
SCH0140,总表,55,D,秋季,周六,8:00-10:00,8:00,10:00,万达,ROOM002,万达21-2,高二,数学,孙老师,尖子班,,可报名,高二数学孙老师尖子班,
SCH0141,总表,55,I,秋季,周六,10:15-12:15,10:15,12:15,万达,ROOM002,万达21-2,高二,物理,陆老师,尖子班,,可报名,高二物理陆老师尖子班,
SCH0142,总表,55,N,秋季,周六,13:15-15:15,13:15,15:15,万达,ROOM002,万达21-2,高二,化学,刘老师,尖子班,,可报名,高二化学刘老师尖子班,
SCH0143,总表,55,S,秋季,周六,15:30-17:30,15:30,17:30,万达,ROOM002,万达21-2,初二,数学,孙老师,尖子班,,可报名,初二数学孙老师尖子班,
SCH0144,总表,55,X,秋季,周六,18:30-20:30,18:30,20:30,万达,ROOM002,万达21-2,高二,语文,吴老师,尖子班,,可报名,高二语文吴老师尖子班,
SCH0145,总表,56,D,秋季,周六,8:00-10:00,8:00,10:00,万达,ROOM003,万达21-3,初三,英语,杜老师,尖子班,,可报名,初三英语杜老师尖子班,
SCH0146,总表,56,I,秋季,周六,10:15-12:15,10:15,12:15,万达,ROOM003,万达21-3,初三,数学,孙老师,尖子班,,可报名,初三数学孙老师尖子班,
SCH0147,总表,56,N,秋季,周六,13:15-15:15,13:15,15:15,万达,ROOM003,万达21-3,高一,数学,孙老师,尖子班,,可报名,高一数学孙老师尖子班,
SCH0148,总表,56,S,秋季,周六,15:30-17:30,15:30,17:30,万达,ROOM003,万达21-3,初三,化学,刘老师,尖子班,,可报名,初三化学刘老师尖子班,
SCH0149,总表,56,X,秋季,周六,18:30-20:30,18:30,20:30,万达,ROOM003,万达21-3,初一,语文,苑老师,尖子班,,可报名,初一语文苑老师尖子班,
SCH0150,总表,57,D,秋季,周六,8:00-10:00,8:00,10:00,万达,ROOM004,万达21-4,高一,物理,张老师,尖子班,,可报名,高一物理张老师尖子班,
SCH0151,总表,57,I,秋季,周六,10:15-12:15,10:15,12:15,万达,ROOM004,万达21-4,初二,物理,葛老师,尖子班,,可报名,初二物理葛老师尖子班,
SCH0152,总表,57,N,秋季,周六,13:15-15:15,13:15,15:15,万达,ROOM004,万达21-4,初二,物理,陆老师,尖子班,,可报名,初二物理陆老师尖子班,
SCH0153,总表,57,S,秋季,周六,15:30-17:30,15:30,17:30,万达,ROOM004,万达21-4,高一,物理,陆老师,尖子班,,可报名,高一物理陆老师尖子班,
SCH0154,总表,57,X,秋季,周六,18:30-20:30,18:30,20:30,万达,ROOM004,万达21-4,初二,英语,米老师,尖子班,,可报名,初二英语米老师尖子班,
SCH0155,总表,58,D,秋季,周六,8:00-10:00,8:00,10:00,万达,ROOM005,万达21-5,初二,英语,陈老师,尖子班,,可报名,初二英语陈老师尖子班,
SCH0156,总表,58,I,秋季,周六,10:15-12:15,10:15,12:15,万达,ROOM005,万达21-5,高一,英语,米老师,提高班,,可报名,高一英语米老师提高班,
SCH0157,总表,58,N,秋季,周六,13:15-15:15,13:15,15:15,万达,ROOM005,万达21-5,高二,物理,葛老师,尖子班,,可报名,高二物理葛老师尖子班,
SCH0158,总表,58,S,秋季,周六,15:30-17:30,15:30,17:30,万达,ROOM005,万达21-5,高一,物理,葛老师,尖子班,,可报名,高一物理葛老师尖子班,
SCH0159,总表,59,D,秋季,周六,8:00-10:00,8:00,10:00,万达,ROOM006,万达24-1,初三,化学,刘老师,尖子班,,可报名,初三化学刘老师尖子班,
SCH0160,总表,59,I,秋季,周六,10:15-12:15,10:15,12:15,万达,ROOM006,万达24-1,高二,英语,杜老师,尖子班,,可报名,高二英语杜老师尖子班,
SCH0161,总表,59,N,秋季,周六,13:15-15:15,13:15,15:15,万达,ROOM006,万达24-1,三年级,数学,徐老师,校优班,,可报名,三年级数学徐老师校优班,
SCH0162,总表,59,S,秋季,周六,15:30-17:30,15:30,17:30,万达,ROOM006,万达24-1,初一,数学,管老师,提高班,,可报名,初一数学管老师提高班,
SCH0163,总表,59,X,秋季,周六,18:30-20:30,18:30,20:30,万达,ROOM006,万达24-1,五年级,数学,马老师,尖子班,,可报名,五年级数学马老师尖子班,
SCH0164,总表,60,D,秋季,周六,8:00-10:00,8:00,10:00,万达,ROOM007,万达24-2,初三,物理,葛老师,尖子班,,可报名,初三物理葛老师尖子班,
SCH0165,总表,60,I,秋季,周六,10:15-12:15,10:15,12:15,万达,ROOM007,万达24-2,初一,英语,陈老师,尖子班,,可报名,初一英语陈老师尖子班,
SCH0166,总表,60,N,秋季,周六,13:15-15:15,13:15,15:15,万达,ROOM007,万达24-2,六年级,英语,陈老师,拓展班,,可报名,六年级英语陈老师拓展班,
SCH0167,总表,60,S,秋季,周六,15:30-17:30,15:30,17:30,万达,ROOM007,万达24-2,六年级,数学,徐老师,校优班,,可报名,六年级数学徐老师校优班,
SCH0168,总表,60,X,秋季,周六,18:30-20:30,18:30,20:30,万达,ROOM007,万达24-2,五年级,英语,陈老师,拓展班,,可报名,五年级英语陈老师拓展班,
SCH0169,总表,61,D,秋季,周六,8:00-10:00,8:00,10:00,万达,ROOM008,万达24-3,二年级,英语,陶老师,提高班,,可报名,二年级英语陶老师提高班,
SCH0170,总表,61,I,秋季,周六,10:15-12:15,10:15,12:15,万达,ROOM008,万达24-3,高二,物理,张老师,提高班,,可报名,高二物理张老师提高班,
SCH0171,总表,61,N,秋季,周六,13:15-15:15,13:15,15:15,万达,ROOM008,万达24-3,初三,物理,张老师,尖子班,,可报名,初三物理张老师尖子班,
SCH0172,总表,61,S,秋季,周六,15:30-17:30,15:30,17:30,万达,ROOM008,万达24-3,六年级,数学,马老师,尖子班,,可报名,六年级数学马老师尖子班,
SCH0173,总表,62,D,秋季,周六,8:00-10:00,8:00,10:00,万达,ROOM009,万达24-4,高一,数学,徐老师,班课,,可报名,高一数学徐老师班课,
SCH0174,总表,62,I,秋季,周六,10:15-12:15,10:15,12:15,万达,ROOM009,万达24-4,六年级,英语,陶老师,提高班,,可报名,六年级英语陶老师提高班,
SCH0175,总表,62,N,秋季,周六,13:15-15:15,13:15,15:15,万达,ROOM009,万达24-4,初一,英语,杜老师,提高班,,可报名,初一英语杜老师提高班,
SCH0176,总表,62,S,秋季,周六,15:30-17:30,15:30,17:30,万达,ROOM009,万达24-4,高一,英语,米老师,尖子班,,可报名,高一英语米老师尖子班,
SCH0177,总表,63,D,秋季,周六,8:00-10:00,8:00,10:00,万达,ROOM010,万达24-5,初一,语文,吴老师,班课,,可报名,初一语文吴老师班课,
SCH0178,总表,63,I,秋季,周六,10:15-12:15,10:15,12:15,万达,ROOM010,万达24-5,高一,语文,吴老师,班课,,可报名,高一语文吴老师班课,
SCH0179,总表,63,N,秋季,周六,13:15-15:15,13:15,15:15,万达,ROOM010,万达24-5,高二,英语,米老师,尖子班,,可报名,高二英语米老师尖子班,
SCH0180,总表,63,S,秋季,周六,15:30-17:30,15:30,17:30,万达,ROOM010,万达24-5,初三,英语,杜老师,提高班,,可报名,初三英语杜老师提高班,
SCH0181,总表,64,D,秋季,周六,8:00-10:00,8:00,10:00,万达,ROOM011,万达24-6,初一,数学,管老师,尖子班,,可报名,初一数学管老师尖子班,
SCH0182,总表,64,S,秋季,周六,15:30-17:30,15:30,17:30,万达,ROOM011,万达24-6,三年级,英语,张老师,班课,,可报名,三年级英语张老师班课,
SCH0183,总表,65,D,秋季,周六,8:00-10:00,8:00,10:00,百家湖,ROOM012,百家湖2-1,初二,英语,王老师,班课,,可报名,初二英语王老师班课,
SCH0184,总表,65,I,秋季,周六,10:15-12:15,10:15,12:15,百家湖,ROOM012,百家湖2-1,初二,数学,管老师,尖子班,,可报名,初二数学管老师尖子班,
SCH0185,总表,65,N,秋季,周六,13:15-15:15,13:15,15:15,百家湖,ROOM012,百家湖2-1,初二,物理,王老师,尖子班,,可报名,初二物理王老师尖子班,
SCH0186,总表,65,X,秋季,周六,18:30-20:30,18:30,20:30,百家湖,ROOM012,百家湖2-1,高三,英语,王老师,班课,,可报名,高三英语王老师班课,
SCH0187,总表,66,I,秋季,周六,10:15-12:15,10:15,12:15,百家湖,ROOM013,百家湖2-2,初一,英语,王老师,班课,,可报名,初一英语王老师班课,
SCH0188,总表,66,N,秋季,周六,13:15-15:15,13:15,15:15,百家湖,ROOM013,百家湖2-2,四年级,数学,马老师,尖子班,,可报名,四年级数学马老师尖子班,
SCH0189,总表,66,S,秋季,周六,15:30-17:30,15:30,17:30,百家湖,ROOM013,百家湖2-2,四年级,英语,陈老师,拓展班,,可报名,四年级英语陈老师拓展班,
SCH0190,总表,67,D,秋季,周六,8:00-10:00,8:00,10:00,百家湖,ROOM014,百家湖2-3,五年级,数学,徐老师,校优班,,可报名,五年级数学徐老师校优班,
SCH0191,总表,67,I,秋季,周六,10:15-12:15,10:15,12:15,百家湖,ROOM014,百家湖2-3,四年级,数学,徐老师,校优班,,可报名,四年级数学徐老师校优班,
SCH0192,总表,67,N,秋季,周六,13:15-15:15,13:15,15:15,百家湖,ROOM014,百家湖2-3,初三,化学,李老师,提高班,,可报名,初三化学李老师提高班,
SCH0193,总表,68,D,秋季,周六,8:00-10:00,8:00,10:00,百家湖,ROOM015,百家湖2-4,初二,物理,王老师,提高班,,可报名,初二物理王老师提高班,
SCH0194,总表,68,I,秋季,周六,10:15-12:15,10:15,12:15,百家湖,ROOM015,百家湖2-4,初三,化学,李老师,尖子班,,可报名,初三化学李老师尖子班,
SCH0195,总表,68,N,秋季,周六,13:15-15:15,13:15,15:15,百家湖,ROOM015,百家湖2-4,初三,数学,管老师,班课,,可报名,初三数学管老师班课,
SCH0196,总表,68,S,秋季,周六,15:30-17:30,15:30,17:30,百家湖,ROOM015,百家湖2-4,初三,物理,王老师,尖子班,,可报名,初三物理王老师尖子班,
SCH0197,总表,68,X,秋季,周六,18:30-20:30,18:30,20:30,百家湖,ROOM015,百家湖2-4,高二,英语,杜老师,提高班,,可报名,高二英语杜老师提高班,
SCH0198,总表,69,D,秋季,周六,8:00-10:00,8:00,10:00,百家湖,ROOM016,百家湖2-5,四年级,英语,张老师,班课,,可报名,四年级英语张老师班课,
SCH0199,总表,69,I,秋季,周六,10:15-12:15,10:15,12:15,百家湖,ROOM016,百家湖2-5,五年级,英语,张老师,班课,,可报名,五年级英语张老师班课,
SCH0200,总表,69,N,秋季,周六,13:15-15:15,13:15,15:15,百家湖,ROOM016,百家湖2-5,六年级,英语,张老师,班课,,可报名,六年级英语张老师班课,
SCH0201,总表,69,S,秋季,周六,15:30-17:30,15:30,17:30,百家湖,ROOM016,百家湖2-5,高三,物理,张老师,尖子班,,可报名,高三物理张老师尖子班,
SCH0202,总表,71,S,秋季,周六,15:30-17:30,15:30,17:30,百家湖,ROOM018,百家湖2-7,高一,数学,徐老师,班课,,可报名,高一数学徐老师班课,
SCH0203,总表,72,N,秋季,周六,13:15-15:15,13:15,15:15,百家湖,ROOM019,百家湖A,四年级,英语,陶老师,提高班,,可报名,四年级英语陶老师提高班,
SCH0204,总表,72,S,秋季,周六,15:30-17:30,15:30,17:30,百家湖,ROOM019,百家湖A,三年级,英语,陶老师,提高班,,可报名,三年级英语陶老师提高班,
SCH0205,总表,73,N,秋季,周六,13:15-15:15,13:15,15:15,百家湖,ROOM020,百家湖C,三年级,语文,吴老师,班课,,可报名,三年级语文吴老师班课,
SCH0206,总表,78,D,秋季,周日,8:00-10:00,8:00,10:00,万达,ROOM001,万达21-1,初三,英语,王老师,班课,,可报名,初三英语王老师班课,
SCH0207,总表,78,I,秋季,周日,10:15-12:15,10:15,12:15,万达,ROOM001,万达21-1,初三,数学,管老师,班课,,可报名,初三数学管老师班课,
SCH0208,总表,78,N,秋季,周日,13:15-15:15,13:15,15:15,万达,ROOM001,万达21-1,初二,数学,孙老师,尖子班,,可报名,初二数学孙老师尖子班,
SCH0209,总表,78,S,秋季,周日,15:30-17:30,15:30,17:30,万达,ROOM001,万达21-1,初二,物理,陆老师,尖子班,,可报名,初二物理陆老师尖子班,
SCH0210,总表,79,D,秋季,周日,8:00-10:00,8:00,10:00,万达,ROOM002,万达21-2,初二,数学,管老师,班课,,可报名,初二数学管老师班课,
SCH0211,总表,79,I,秋季,周日,10:15-12:15,10:15,12:15,万达,ROOM002,万达21-2,初二,英语,王老师,班课,,可报名,初二英语王老师班课,
SCH0212,总表,79,N,秋季,周日,13:15-15:15,13:15,15:15,万达,ROOM002,万达21-2,高二,物理,陆老师,提高班,,可报名,高二物理陆老师提高班,
SCH0213,总表,80,D,秋季,周日,8:00-10:00,8:00,10:00,万达,ROOM003,万达21-3,初三,数学,孙老师,尖子班,,可报名,初三数学孙老师尖子班,
SCH0214,总表,80,I,秋季,周日,10:15-12:15,10:15,12:15,万达,ROOM003,万达21-3,初一,数学,孙老师,特长生班,,可报名,初一数学孙老师特长生班,
SCH0215,总表,80,N,秋季,周日,13:15-15:15,13:15,15:15,万达,ROOM003,万达21-3,初三,化学,刘老师,尖子班,,可报名,初三化学刘老师尖子班,
SCH0216,总表,81,D,秋季,周日,8:00-10:00,8:00,10:00,万达,ROOM004,万达21-4,高一,物理,陆老师,尖子班,,可报名,高一物理陆老师尖子班,
SCH0217,总表,81,I,秋季,周日,10:15-12:15,10:15,12:15,万达,ROOM004,万达21-4,初三,物理,陆老师,尖子班,,可报名,初三物理陆老师尖子班,
SCH0218,总表,81,N,秋季,周日,13:15-15:15,13:15,15:15,万达,ROOM004,万达21-4,初一,英语,王老师,班课,,可报名,初一英语王老师班课,
SCH0219,总表,82,D,秋季,周日,8:00-10:00,8:00,10:00,万达,ROOM005,万达21-5,初一,物理,葛老师,特长生班,,可报名,初一物理葛老师特长生班,
SCH0220,总表,82,I,秋季,周日,10:15-12:15,10:15,12:15,万达,ROOM005,万达21-5,高一,化学,刘老师,尖子班,,可报名,高一化学刘老师尖子班,
SCH0221,总表,82,N,秋季,周日,13:15-15:15,13:15,15:15,万达,ROOM005,万达21-5,初二,物理,葛老师,尖子班,,可报名,初二物理葛老师尖子班,
SCH0222,总表,83,D,秋季,周日,8:00-10:00,8:00,10:00,万达,ROOM006,万达24-1,五年级,数学,徐老师,校优班,,可报名,五年级数学徐老师校优班,
SCH0223,总表,83,I,秋季,周日,10:15-12:15,10:15,12:15,万达,ROOM006,万达24-1,四年级,数学,徐老师,校优班,,可报名,四年级数学徐老师校优班,
SCH0224,总表,84,D,秋季,周日,8:00-10:00,8:00,10:00,万达,ROOM007,万达24-2,初二,数学,马老师,尖子班,,可报名,初二数学马老师尖子班,
SCH0225,总表,84,I,秋季,周日,10:15-12:15,10:15,12:15,万达,ROOM007,万达24-2,初一,数学,马老师,尖子班,,可报名,初一数学马老师尖子班,
SCH0226,总表,84,N,秋季,周日,13:15-15:15,13:15,15:15,万达,ROOM007,万达24-2,初三,英语,米老师,提高班,,可报名,初三英语米老师提高班,
SCH0227,总表,85,D,秋季,周日,8:00-10:00,8:00,10:00,万达,ROOM008,万达24-3,初三,物理,王老师,尖子班,,可报名,初三物理王老师尖子班,
SCH0228,总表,85,I,秋季,周日,10:15-12:15,10:15,12:15,万达,ROOM008,万达24-3,初二,语文,苑老师,尖子班,,可报名,初二语文苑老师尖子班,
SCH0229,总表,85,N,秋季,周日,13:15-15:15,13:15,15:15,万达,ROOM008,万达24-3,初二,语文,苑老师,班课,,可报名,初二语文苑老师班课,
SCH0230,总表,85,S,秋季,周日,15:30-17:30,15:30,17:30,万达,ROOM008,万达24-3,初三,物理,王老师,尖子班,,可报名,初三物理王老师尖子班,
SCH0231,总表,86,D,秋季,周日,8:00-10:00,8:00,10:00,万达,ROOM009,万达24-4,四年级,英语,陈老师,拓展班,,可报名,四年级英语陈老师拓展班,
SCH0232,总表,86,I,秋季,周日,10:15-12:15,10:15,12:15,万达,ROOM009,万达24-4,初三,英语,陈老师,尖子班,,可报名,初三英语陈老师尖子班,
SCH0233,总表,86,N,秋季,周日,13:15-15:15,13:15,15:15,万达,ROOM009,万达24-4,初三,物理,张老师,尖子班,,可报名,初三物理张老师尖子班,
SCH0234,总表,87,I,秋季,周日,10:15-12:15,10:15,12:15,万达,ROOM010,万达24-5,初二,英语,米老师,尖子班,,可报名,初二英语米老师尖子班,
SCH0235,总表,88,D,秋季,周日,8:00-10:00,8:00,10:00,万达,ROOM011,万达24-6,初一,英语,杜老师,尖子班,,可报名,初一英语杜老师尖子班,
SCH0236,总表,88,I,秋季,周日,10:15-12:15,10:15,12:15,万达,ROOM011,万达24-6,高二,英语,杜老师,尖子班,,可报名,高二英语杜老师尖子班,
SCH0237,总表,89,I,秋季,周日,10:15-12:15,10:15,12:15,未分配,ROOM023,缺教室,初二,物理,王老师,提高班,,可报名,初二物理王老师提高班,
SCH0238,总表,90,D,秋季,周日,8:00-10:00,8:00,10:00,百家湖,ROOM012,百家湖2-1,高一,物理,张老师,尖子班,,可报名,高一物理张老师尖子班,
SCH0239,总表,90,I,秋季,周日,10:15-12:15,10:15,12:15,百家湖,ROOM012,百家湖2-1,高三,物理,张老师,提高班,,可报名,高三物理张老师提高班,
SCH0240,总表,90,N,秋季,周日,13:15-15:15,13:15,15:15,百家湖,ROOM012,百家湖2-1,三年级,数学,徐老师,校优A+班,,可报名,三年级数学徐老师校优A+班,
SCH0241,总表,90,S,秋季,周日,15:30-17:30,15:30,17:30,百家湖,ROOM012,百家湖2-1,六年级,数学,徐老师,校优班,,可报名,六年级数学徐老师校优班,
SCH0242,总表,90,X,秋季,周日,18:30-20:30,18:30,20:30,百家湖,ROOM012,百家湖2-1,二年级,数学,徐老师,校优班,,可报名,二年级数学徐老师校优班,
SCH0243,总表,91,N,秋季,周日,13:15-15:15,13:15,15:15,百家湖,ROOM013,百家湖2-2,六年级,英语,陈老师,拓展班,,可报名,六年级英语陈老师拓展班,
SCH0244,总表,92,D,秋季,周日,8:00-10:00,8:00,10:00,百家湖,ROOM014,百家湖2-3,三年级,英语,张老师,班课,,可报名,三年级英语张老师班课,
SCH0245,总表,92,N,秋季,周日,13:15-15:15,13:15,15:15,百家湖,ROOM014,百家湖2-3,三年级,数学,马老师,尖子班,,可报名,三年级数学马老师尖子班,
SCH0246,总表,92,S,秋季,周日,15:30-17:30,15:30,17:30,百家湖,ROOM014,百家湖2-3,三年级,英语,陈老师,拓展班,,可报名,三年级英语陈老师拓展班,
SCH0247,总表,93,D,秋季,周日,8:00-10:00,8:00,10:00,百家湖,ROOM015,百家湖2-4,初三,数学,徐老师,班课,,可报名,初三数学徐老师班课,
SCH0248,总表,93,I,秋季,周日,10:15-12:15,10:15,12:15,百家湖,ROOM015,百家湖2-4,四年级,英语,张老师,班课,,可报名,四年级英语张老师班课,
SCH0249,总表,93,N,秋季,周日,13:15-15:15,13:15,15:15,百家湖,ROOM015,百家湖2-4,初三,英语,杜老师,尖子班,,可报名,初三英语杜老师尖子班,
SCH0250,总表,93,S,秋季,周日,15:30-17:30,15:30,17:30,百家湖,ROOM015,百家湖2-4,初一,英语,杜老师,,,可报名,初一英语杜老师,
SCH0251,总表,94,I,秋季,周日,10:15-12:15,10:15,12:15,百家湖,ROOM016,百家湖2-5,高一,数学,徐老师,班课,,可报名,高一数学徐老师班课,
SCH0252,总表,94,N,秋季,周日,13:15-15:15,13:15,15:15,百家湖,ROOM016,百家湖2-5,五年级,英语,张老师,班课,,可报名,五年级英语张老师班课,
SCH0253,总表,94,S,秋季,周日,15:30-17:30,15:30,17:30,百家湖,ROOM016,百家湖2-5,六年级,英语,张老师,班课,,可报名,六年级英语张老师班课,
SCH0254,总表,96,N,秋季,周日,13:15-15:15,13:15,15:15,百家湖,ROOM018,百家湖2-7,初一,数学,管老师,提高班,,可报名,初一数学管老师提高班,
SCH0255,总表,97,D,秋季,周日,8:00-10:00,8:00,10:00,百家湖,ROOM019,百家湖A,三年级,英语,陶老师,校优班,,可报名,三年级英语陶老师校优班,
SCH0256,总表,97,I,秋季,周日,10:15-12:15,10:15,12:15,百家湖,ROOM019,百家湖A,五年级,数学,陶老师,校优班,,可报名,五年级数学陶老师校优班,
SCH0257,总表,97,N,秋季,周日,13:15-15:15,13:15,15:15,百家湖,ROOM019,百家湖A,四年级,英语,陶老师,拓展班,,可报名,四年级英语陶老师拓展班,
SCH0258,总表,97,S,秋季,周日,15:30-17:30,15:30,17:30,百家湖,ROOM019,百家湖A,六年级,英语,陶老师,校优班,,可报名,六年级英语陶老师校优班,
